,angry,happy,peaceful,sad,fear,fun,safe,bored
0,angry,happiness,peaceful,,fear,fun,safety,bored
1,mad,love,nature,sadness,anxiety,love,safetyfirst,work
2,angryface,happy,peace,sad,covid,instagood,security,boredaf
3,angryeyes,smile,love,depression,horror,happy,safe,tired
4,attitude,joy,photography,alone,coronavirusscarydark,like,protection,boredatwork
5,anger,friends,sunset,brokendepressed,creepy,follow,training,boredasfuck
6,angryfeminist,positivevibes,beautifulnaturephotography,sadedits,corona,friends,staysafesafetytipsstayhome,boredasf
7,jealous,lifestylefun,peaceofmind,brokenheart,stressterror,smilefunny,home,boredomstrikes
8,angrymom,goodvibes,calm,lonely,halloween,cute,besafehomesecurity,boredrpboredpanda
9,angrybaby,selflove,meditation,crying,pandemic,beautiful,roadsafety,boredd
10,angryallthetime,beauty,life,heartbroken,deathpanic,party,firesafety,boredtodeath
11,angryme,art,relaxlandscapemindfulness,cry,miedo,memes,quality,boredselfie
12,angrymood,positivity,sky,sadgirl,darknessscared,travel,safetyofficer,boredkikme
13,sketch,loveyourself,beach,sadboy,ghost,selfie,securitysystem,boredumboredomkills
14,angrywoman,goals,travelphotography,tears,fearofgod,nature,prevention,boredem
15,catsofinstagram,fitness,yoga,sadquotespage,fears,summer,rescue,boredoutofmymind
16,angrycat,music,relaxing,triste,fearthewalkingdeadfearofheights,dance,safetyfirst,boredathome
17,angryyoungmanangryorchard,cute,,suicide,,memefood,safetyridingsafetyshoes,boredinclassboredlife
18,angrycat,christmas,landscapephotography,hurt,,fitness,safetyboots,boreddd
19,angryface,gratitude,clouds,emotions,,instalike,safetypin,boredinthehouse
20,angrybaby,selfcare,sea,sadpostssadlife,,igers,safetyrazor,
21,angrydog,grateful,peaceandlove,death,,lol,safetyharborsafetyhunting,
22,angrykittyangryeyes,mindfulness,trees,upset,,funnymemes,safety1st,
23,angrymom,memories,mountains,sadqoutes,,kids,safetycar,
24,angrysky,friendship,photo,sadnessquotes,,amazingcomedy,safetythird,
25,angryman,wedding,sunrise,sadnessandsorrow,,adventure,safetymeetingsafetygear,
26,angrygirl,selfie,wanderlustnaturelovers,sadnesss,,happiness,safetytips,
27,angrybeaversangrycats,passion,blessed,sadnessinsideoutsadnessoverload,,holidaymotivation,safetytraining,
28,angrylook,mindset,snow,sadnesstime,,funny,safetyglasses,
29,,instalike,zen,sadnessday,,funnymemes,safetybeachsafetygate,
30,,happinessisherehappinessquotes,serenityocean,sadnessisablessingsadnessisarebellion,,funnytimes,safetyboot,
31,,happinessisachoice,peacefull,sadnessquotess,,funnyvideos,safetykitty,
32,,happinessis,peacefulplace,sadnessgoaway,,fundayfunnyshit,,
33,,happinessoverloadhappinessproject,peacefulmind,sadnesscosplaysadnessedit,,funnymeme,,
34,,happinesss,peacefulpakistanpeacefulness,sadnesstoo,,funk,,
35,,happinessiskey,peacefully,sadnessforever,,funtime,,
36,,happinesshomemadehappinessdelight,peacefullife,sadnessintheairsadnessinmyheart,,funkopop,,
37,,happinessbeginstour,peacefulparentingpeacefulhooligan,sadnessisbeautiful,,funko,,
38,,happinesseverywhere,peacefulmorning,sadnesshurtssadnessreliever,,funnypicturesfuninthesun,,
39,,happinessbeginshappinessday,peacefulliving,,,funtionaltraining,,
40,,happinessisfree,peacefulnightpeacefulmoment,,,funnight,,
41,,happinesscomesfromwithin,peacefulplaces,,,funcional,,
42,,happinessmoodhappinessinacup,peacefulvibes,,,funky,,
43,,happinessisthekey,peacefulmindpeacefuleasyfeeling,,,fundraiserfunnyposts,,
44,,,,,,funnyvideo,,
45,,,,,,funraiser,,
